{
    "providers":[
        {"type":"bitmap", "file":"font/multiplayer.png", "ascent":8, "height":8, "chars":["a"]},
        {"type":"bitmap", "file":"font/singleplayer.png", "ascent":8, "height":8, "chars":["b"]},
        {"type":"bitmap", "file":"font/large.png", "ascent":8, "height":8, "chars":["c"]},
         {"type":"bitmap", "file":"font/small.png", "ascent":8, "height":8, "chars":["d"]},
         {"type":"bitmap", "file":"font/island.png", "ascent":8, "height":8, "chars":["e"]}

    ]
}
